567303	TS	대형	TS_대형_강원도.zip	29 MB
567304	TS	대형	TS_대형_경상도.zip	153 MB
567305	TS	대형	TS_대형_전라도.zip	3 MB
567306	TS	대형	TS_대형_충청도.zip	37 MB
567307	TS	소형	TS_소형_강원도.zip	4 MB
567308	TS	소형	TS_소형_경기도.zip	2 MB
567309	TS	소형	TS_소형_경상도.zip	13 MB
567310	TS	소형	TS_소형_전라도.zip	3 MB
567311	TS	소형	TS_소형_충청도.zip	8 MB
567312	TS	중형	TS_중형_강원도.zip	40 MB
567313	TS	중형	TS_중형_경기도.zip	3 MB
567314	TS	중형	TS_중형_경상도.zip	25 MB
567315	TS	중형	TS_중형_전라도.zip	23 MB
567316	TS	중형	TS_중형_충청도.zip	5 MB
567317	TL	대형	TL_대형_강원도.zip	135 MB
567318	TL	대형	TL_대형_경상도.zip	469 MB
567319	TL	대형	TL_대형_전라도.zip	13 MB
567320	TL	대형	TL_대형_충청도.zip	133 MB
567321	TL	소형	TL_소형_강원도.zip	18 MB
567322	TL	소형	TL_소형_경기도.zip	11 MB
567323	TL	소형	TL_소형_경상도.zip	64 MB
567324	TL	소형	TL_소형_전라도.zip	14 MB
567325	TL	소형	TL_소형_충청도.zip	40 MB
567326	TL	중형	TL_중형_강원도.zip	182 MB
567327	TL	중형	TL_중형_경기도.zip	15 MB
567328	TL	중형	TL_중형_경상도.zip	114 MB
567329	TL	중형	TL_중형_전라도.zip	116 MB
567330	TL	중형	TL_중형_충청도.zip	23 MB
567331	VS	대형	VS_대형_강원도.zip	4 MB
567332	VS	대형	VS_대형_경상도.zip	16 MB
567333	VS	대형	VS_대형_전라도.zip	416 KB
567334	VS	대형	VS_대형_충청도.zip	7 MB
567335	VS	소형	VS_소형_강원도.zip	442 KB
567336	VS	소형	VS_소형_경기도.zip	271 KB
567337	VS	소형	VS_소형_경상도.zip	2 MB
567338	VS	소형	VS_소형_전라도.zip	336 KB
567339	VS	소형	VS_소형_충청도.zip	1 MB
567340	VS	중형	VS_중형_강원도.zip	5 MB
567341	VS	중형	VS_중형_경기도.zip	392 KB
567342	VS	중형	VS_중형_경상도.zip	3 MB
567343	VS	중형	VS_중형_전라도.zip	3 MB
567344	VS	중형	VS_중형_충청도.zip	598 KB
567345	VL	대형	VL_대형_강원도.zip	17 MB
567346	VL	대형	VL_대형_경상도.zip	59 MB
567347	VL	대형	VL_대형_전라도.zip	2 MB
567348	VL	대형	VL_대형_충청도.zip	17 MB
567349	VL	소형	VL_소형_강원도.zip	2 MB
567350	VL	소형	VL_소형_경기도.zip	1 MB
567351	VL	소형	VL_소형_경상도.zip	8 MB
567352	VL	소형	VL_소형_전라도.zip	2 MB
567353	VL	소형	VL_소형_충청도.zip	5 MB
567354	VL	중형	VL_중형_강원도.zip	23 MB
567355	VL	중형	VL_중형_경기도.zip	2 MB
567356	VL	중형	VL_중형_경상도.zip	14 MB
567357	VL	중형	VL_중형_전라도.zip	15 MB
567358	VL	중형	VL_중형_충청도.zip	3 MB
